title,content,content_token,content_token_s,content_si,content_sil
Can Focusing On Climate Change Help Win Elections? | FiveThirtyEight,"




2022 election
can focusing on climate change help win elections?



by maggie koerth


									oct. 17, 2022, at 6:00 am								


 





drew angerer / getty images


“our generation grew up watching as the climate crisis got worse and worse and politicians did nothing.” that might sound like a quote from teen climate activist greta thunberg, but it’s actually the opening line for a new series of political ads appearing in multiple states in the lead-up to the 2022 midterms — ads that the advocacy groups climate power action and the league of conservation voters are hoping will tip the scales towards climate-focused democrats.

historically, however, climate change has not been much of a political kingmaker. even when candidates trusted that their constituents did care deeply about the environment, it hasn’t been something that reliably changed votes. in the 2020 presidential election, for example, two-thirds of voters told exit pollster edison research that climate change was a “serious problem” — but 29 percent of that same group voted for then-president donald trump, a candidate whose position on climate change was … inconsistent … at best. 
so a $12 million ad campaign aimed specifically at promoting democratic candidates’ climate change bona fides seems, at first glance, like a fool’s errand. but even though the content of these ads makes it clear they’re meant for a narrow audience — young voters, who see themselves as part of a generation bearing the consequences of inaction on climate change — the ads aren’t even for all of them. instead, the groups funding these ads are trying to reach a specific sliver of a slice of a subset of young voters. and yet there’s reason to think that, on those slender margins, climate change could be becoming an issue that really sways elections. 

one thing definitely working in favor of climate change as a voting issue this year is the existence of actual legislative change on climate, said anthony leiserowitz, director of the yale program on climate change communication. attempts to reach out to voters on climate issues are happening in context with the passage of the inflation reduction act, president biden’s spending bill that includes a number of tax breaks, new regulations, financing and incentives focused on reducing the country’s carbon emissions over the long term. 

is oregon going to elect a republican governor? | fivethirtyeightall videosyoutube
the passage of that bill is genuinely a big deal, leiserowitz said. outside of that, “there has been little to no major national action on climate change. and i’ve been doing this for 30 years,” he told me. 
the passage of the ira is in keeping with what voters say they want. a large majority of democratic voters think the biden administration and congress need to be doing more to deal with climate change — 82 percent according to a pew research center survey from may. and that same report found that 58 percent of all americans felt that the federal government wasn’t doing enough to combat climate change. given results like that, it would be easy to assume that the passage of a federal bill finally addressing climate would be something that could really motivate voters — at least the liberal-leaning ones.but the relationship between voters and climate policy has long fallen under the label of “it’s complicated.” there is an established gap between what voters say they want — action on climate change — and what they’re willing to do to achieve that. in 2019, for example, polling by reuters and ipsos found that while 69 percent of americans wanted the government to take “aggressive” action on climate change, only 42 percent were likely to install solar panels on their own home; 38 percent were likely to begin carpooling to reduce emissions; and just 34 percent were likely to pay an extra $100 a year in taxes to support climate policies. and in 13 years of yougov polls tracking which issues registered voters see as the most important, climate change has consistently taken a back seat to economic issues like jobs and inflation. as of oct. 10, 12 percent of voters listed climate change and the environment as their no. 1 concern, while 22 percent cited inflation and high prices. it’s not that emphasizing climate change is a turn-off for voters — president biden got a solid b+ on greenpeace’s 2020 election climate scorecard. but neither is climate an issue that seems to attract voters on its own. having the highest score on the greenpeace scorecard during his candidacy was not enough to catapult washington’s democratic governor, jay inslee, to the white house.
that history is probably why ads touting climate change policy have been relatively rare this campaign cycle. of the nearly 350 ad campaigns the university of virginia’s center for politics is tracking in this midterm election, abortion and crime have been the primary issues at play, to the point that the center’s most recent analysis doesn’t even mention climate. even in the month of september, after the passage of the ira, ads focused on energy and the environment were still playing third fiddle to other issues like crime and inflation, according to data from the wesleyan media project, which documents details of political advertising. the project found that 15 percent of nationwide political ads in september were focused on energy and environmental issues (which could include climate change), compared to 26 percent of ads focused on public safety and 19 percent on inflation. even among the ads created by the lcv, some aren’t about climate change or the ira, specifically — instead talking more broadly about how a specific candidate fits with the democratic platform. 
but the main goal of the lcv’s ad campaign appears to be persuading people to vote for a candidate because that person has gotten climate policy done — something that’s presented in the ads as a bit of a surprise, a “can you believe they actually did it?” moment. years of research have shown that the persuasion effects created by advertising — whether political or otherwise — do not last very long, and they are very small, capable of maybe creating a percentage-point difference in swing, said lynn vavreck, a professor of politics and public policy at the university of california, los angeles. “but don’t confuse small in size with not being pivotal,” she said. 
that’s because while the voting public as a whole has this messy situationship with climate change, there’s a segment of democratic-leaning voters for whom it is increasingly the real deal. young and left-leaning voters were most likely to rank climate change as their no. 1 issue in the most recent yougov poll from oct. 10. eighteen percent of voters under 30 and 19 percent of democrats said it’s the most important issue facing the u.s., compared to 11 percent of voters 65 and older, and just 2 percent of republicans. and in the ongoing fivethirtyeight/ipsos panel survey conducted between april and september using ipsos’s knowledgepanel, as much as 36 percent of democrats named climate change as one of the country’s top issues.1 

the three races bringing down democrats’ odds of holding the senate | fivethirtyeightall videosyoutube
young people have the strongest beliefs about the reality of climate change and the need to take action on it, said charlotte hill, a professor of political science at the university of california, berkeley. that trend is so strong that it even crosses party lines: forty-seven percent of voting-age republicans under 30 told pew in may that the government was doing too little to combat climate change, compared to just 18 percent of republicans 65 and older. but young (and particularly young, left-leaning) voters are such good targets for these ads because they are also the age group least likely to turn out for a midterm election. and “it’s also pretty consistent that the top reason that young people cite for not voting is not liking the candidates or the issues,” hill said. 
targeting the people who care the most about climate change, and are the least likely to just go out and vote on their own, with ads that tell them politicians are actually acting on their desires can produce the kind of small differences that tip the scales in some elections, hill and vavreck said. 
but the lcv campaign took this one step further, by targeting ads at 2 million specific voters who live in the districts where that tiny margin of change will matter the most, including seven states where the statewide senate race is a tight one — arizona, colorado, georgia, new hampshire, nevada, pennsylvania and wisconsin. the model is based off of similar microtargeting work from the 2020 presidential election, when the goal was to persuade undecided voters who cared a lot about climate issues to cast their ballot in favor of biden, said pete maysmith, senior vice president of campaigns at lcv. those voters approved of trump more than biden, but the targeted ads seem to have convinced at least a portion of them to vote democrat. based on post-election surveys and a controlled experiment, lcv believes they increased biden’s vote margin by 5.6 percentage points, relative to the control population. 
nobody knows yet how big a difference the group will be able to make with this latest round of micro-targeted ads. but evidence suggests that small can be big, and that fact changes the stakes on climate change advertising.  
","['2022', 'election', 'can', 'focusing', 'on', 'climate', 'change', 'help', 'win', 'elections', 'by', 'maggie', 'koerth', 'oct', '17', '2022', 'at', '6', '00', 'am', 'drew', 'angerer', 'getty', 'images', 'our', 'generation', 'grew', 'up', 'watching', 'as', 'the', 'climate', 'crisis', 'got', 'worse', 'and', 'worse', 'and', 'politicians', 'did', 'nothing', 'that', 'might', 'sound', 'like', 'a', 'quote', 'from', 'teen', 'climate', 'activist', 'greta', 'thunberg', 'but', 'it', 's', 'actually', 'the', 'opening', 'line', 'for', 'a', 'new', 'series', 'of', 'political', 'ads', 'appearing', 'in', 'multiple', 'states', 'in', 'the', 'lead', 'up', 'to', 'the', '2022', 'midterms', 'ads', 'that', 'the', 'advocacy', 'groups', 'climate', 'power', 'action', 'and', 'the', 'league', 'of', 'conservation', 'voters', 'are', 'hoping', 'will', 'tip', 'the', 'scales', 'towards', 'climate', 'focused', 'democrats', 'historically', 'however', 'climate', 'change', 'has', 'not', 'been', 'much', 'of', 'a', 'political', 'kingmaker', 'even', 'when', 'candidates', 'trusted', 'that', 'their', 'constituents', 'did', 'care', 'deeply', 'about', 'the', 'environment', 'it', 'hasn', 't', 'been', 'something', 'that', 'reliably', 'changed', 'votes', 'in', 'the', '2020', 'presidential', 'election', 'for', 'example', 'two', 'thirds', 'of', 'voters', 'told', 'exit', 'pollster', 'edison', 'research', 'that', 'climate', 'change', 'was', 'a', 'serious', 'problem', 'but', '29', 'percent', 'of', 'that', 'same', 'group', 'voted', 'for', 'then', 'president', 'donald', 'trump', 'a', 'candidate', 'whose', 'position', 'on', 'climate', 'change', 'was', 'inconsistent', 'at', 'best', 'so', 'a', '12', 'million', 'ad', 'campaign', 'aimed', 'specifically', 'at', 'promoting', 'democratic', 'candidates', 'climate', 'change', 'bona', 'fides', 'seems', 'at', 'first', 'glance', 'like', 'a', 'fool', 's', 'errand', 'but', 'even', 'though', 'the', 'content', 'of', 'these', 'ads', 'makes', 'it', 'clear', 'they', 're', 'meant', 'for', 'a', 'narrow', 'audience', 'young', 'voters', 'who', 'see', 'themselves', 'as', 'part', 'of', 'a', 'generation', 'bearing', 'the', 'consequences', 'of', 'inaction', 'on', 'climate', 'change', 'the', 'ads', 'aren', 't', 'even', 'for', 'all', 'of', 'them', 'instead', 'the', 'groups', 'funding', 'these', 'ads', 'are', 'trying', 'to', 'reach', 'a', 'specific', 'sliver', 'of', 'a', 'slice', 'of', 'a', 'subset', 'of', 'young', 'voters', 'and', 'yet', 'there', 's', 'reason', 'to', 'think', 'that', 'on', 'those', 'slender', 'margins', 'climate', 'change', 'could', 'be', 'becoming', 'an', 'issue', 'that', 'really', 'sways', 'elections', 'one', 'thing', 'definitely', 'working', 'in', 'favor', 'of', 'climate', 'change', 'as', 'a', 'voting', 'issue', 'this', 'year', 'is', 'the', 'existence', 'of', 'actual', 'legislative', 'change', 'on', 'climate', 'said', 'anthony', 'leiserowitz', 'director', 'of', 'the', 'yale', 'program', 'on', 'climate', 'change', 'communication', 'attempts', 'to', 'reach', 'out', 'to', 'voters', 'on', 'climate', 'issues', 'are', 'happening', 'in', 'context', 'with', 'the', 'passage', 'of', 'the', 'inflation', 'reduction', 'act', 'president', 'biden', 's', 'spending', 'bill', 'that', 'includes', 'a', 'number', 'of', 'tax', 'breaks', 'new', 'regulations', 'financing', 'and', 'incentives', 'focused', 'on', 'reducing', 'the', 'country', 's', 'carbon', 'emissions', 'over', 'the', 'long', 'term', 'is', 'oregon', 'going', 'to', 'elect', 'a', 'republican', 'governor', 'fivethirtyeightall', 'videosyoutube', 'the', 'passage', 'of', 'that', 'bill', 'is', 'genuinely', 'a', 'big', 'deal', 'leiserowitz', 'said', 'outside', 'of', 'that', 'there', 'has', 'been', 'little', 'to', 'no', 'major', 'national', 'action', 'on', 'climate', 'change', 'and', 'i', 've', 'been', 'doing', 'this', 'for', '30', 'years', 'he', 'told', 'me', 'the', 'passage', 'of', 'the', 'ira', 'is', 'in', 'keeping', 'with', 'what', 'voters', 'say', 'they', 'want', 'a', 'large', 'majority', 'of', 'democratic', 'voters', 'think', 'the', 'biden', 'administration', 'and', 'congress', 'need', 'to', 'be', 'doing', 'more', 'to', 'deal', 'with', 'climate', 'change', '82', 'percent', 'according', 'to', 'a', 'pew', 'research', 'center', 'survey', 'from', 'may', 'and', 'that', 'same', 'report', 'found', 'that', '58', 'percent', 'of', 'all', 'americans', 'felt', 'that', 'the', 'federal', 'government', 'wasn', 't', 'doing', 'enough', 'to', 'combat', 'climate', 'change', 'given', 'results', 'like', 'that', 'it', 'would', 'be', 'easy', 'to', 'assume', 'that', 'the', 'passage', 'of', 'a', 'federal', 'bill', 'finally', 'addressing', 'climate', 'would', 'be', 'something', 'that', 'could', 'really', 'motivate', 'voters', 'at', 'least', 'the', 'liberal', 'leaning', 'ones', 'but', 'the', 'relationship', 'between', 'voters', 'and', 'climate', 'policy', 'has', 'long', 'fallen', 'under', 'the', 'label', 'of', 'it', 's', 'complicated', 'there', 'is', 'an', 'established', 'gap', 'between', 'what', 'voters', 'say', 'they', 'want', 'action', 'on', 'climate', 'change', 'and', 'what', 'they', 're', 'willing', 'to', 'do', 'to', 'achieve', 'that', 'in', '2019', 'for', 'example', 'polling', 'by', 'reuters', 'and', 'ipsos', 'found', 'that', 'while', '69', 'percent', 'of', 'americans', 'wanted', 'the', 'government', 'to', 'take', 'aggressive', 'action', 'on', 'climate', 'change', 'only', '42', 'percent', 'were', 'likely', 'to', 'install', 'solar', 'panels', 'on', 'their', 'own', 'home', '38', 'percent', 'were', 'likely', 'to', 'begin', 'carpooling', 'to', 'reduce', 'emissions', 'and', 'just', '34', 'percent', 'were', 'likely', 'to', 'pay', 'an', 'extra', '100', 'a', 'year', 'in', 'taxes', 'to', 'support', 'climate', 'policies', 'and', 'in', '13', 'years', 'of', 'yougov', 'polls', 'tracking', 'which', 'issues', 'registered', 'voters', 'see', 'as', 'the', 'most', 'important', 'climate', 'change', 'has', 'consistently', 'taken', 'a', 'back', 'seat', 'to', 'economic', 'issues', 'like', 'jobs', 'and', 'inflation', 'as', 'of', 'oct', '10', '12', 'percent', 'of', 'voters', 'listed', 'climate', 'change', 'and', 'the', 'environment', 'as', 'their', 'no', '1', 'concern', 'while', '22', 'percent', 'cited', 'inflation', 'and', 'high', 'prices', 'it', 's', 'not', 'that', 'emphasizing', 'climate', 'change', 'is', 'a', 'turn', 'off', 'for', 'voters', 'president', 'biden', 'got', 'a', 'solid', 'b', 'on', 'greenpeace', 's', '2020', 'election', 'climate', 'scorecard', 'but', 'neither', 'is', 'climate', 'an', 'issue', 'that', 'seems', 'to', 'attract', 'voters', 'on', 'its', 'own', 'having', 'the', 'highest', 'score', 'on', 'the', 'greenpeace', 'scorecard', 'during', 'his', 'candidacy', 'was', 'not', 'enough', 'to', 'catapult', 'washington', 's', 'democratic', 'governor', 'jay', 'inslee', 'to', 'the', 'white', 'house', 'that', 'history', 'is', 'probably', 'why', 'ads', 'touting', 'climate', 'change', 'policy', 'have', 'been', 'relatively', 'rare', 'this', 'campaign', 'cycle', 'of', 'the', 'nearly', '350', 'ad', 'campaigns', 'the', 'university', 'of', 'virginia', 's', 'center', 'for', 'politics', 'is', 'tracking', 'in', 'this', 'midterm', 'election', 'abortion', 'and', 'crime', 'have', 'been', 'the', 'primary', 'issues', 'at', 'play', 'to', 'the', 'point', 'that', 'the', 'center', 's', 'most', 'recent', 'analysis', 'doesn', 't', 'even', 'mention', 'climate', 'even', 'in', 'the', 'month', 'of', 'september', 'after', 'the', 'passage', 'of', 'the', 'ira', 'ads', 'focused', 'on', 'energy', 'and', 'the', 'environment', 'were', 'still', 'playing', 'third', 'fiddle', 'to', 'other', 'issues', 'like', 'crime', 'and', 'inflation', 'according', 'to', 'data', 'from', 'the', 'wesleyan', 'media', 'project', 'which', 'documents', 'details', 'of', 'political', 'advertising', 'the', 'project', 'found', 'that', '15', 'percent', 'of', 'nationwide', 'political', 'ads', 'in', 'september', 'were', 'focused', 'on', 'energy', 'and', 'environmental', 'issues', 'which', 'could', 'include', 'climate', 'change', 'compared', 'to', '26', 'percent', 'of', 'ads', 'focused', 'on', 'public', 'safety', 'and', '19', 'percent', 'on', 'inflation', 'even', 'among', 'the', 'ads', 'created', 'by', 'the', 'lcv', 'some', 'aren', 't', 'about', 'climate', 'change', 'or', 'the', 'ira', 'specifically', 'instead', 'talking', 'more', 'broadly', 'about', 'how', 'a', 'specific', 'candidate', 'fits', 'with', 'the', 'democratic', 'platform', 'but', 'the', 'main', 'goal', 'of', 'the', 'lcv', 's', 'ad', 'campaign', 'appears', 'to', 'be', 'persuading', 'people', 'to', 'vote', 'for', 'a', 'candidate', 'because', 'that', 'person', 'has', 'gotten', 'climate', 'policy', 'done', 'something', 'that', 's', 'presented', 'in', 'the', 'ads', 'as', 'a', 'bit', 'of', 'a', 'surprise', 'a', 'can', 'you', 'believe', 'they', 'actually', 'did', 'it', 'moment', 'years', 'of', 'research', 'have', 'shown', 'that', 'the', 'persuasion', 'effects', 'created', 'by', 'advertising', 'whether', 'political', 'or', 'otherwise', 'do', 'not', 'last', 'very', 'long', 'and', 'they', 'are', 'very', 'small', 'capable', 'of', 'maybe', 'creating', 'a', 'percentage', 'point', 'difference', 'in', 'swing', 'said', 'lynn', 'vavreck', 'a', 'professor', 'of', 'politics', 'and', 'public', 'policy', 'at', 'the', 'university', 'of', 'california', 'los', 'angeles', 'but', 'don', 't', 'confuse', 'small', 'in', 'size', 'with', 'not', 'being', 'pivotal', 'she', 'said', 'that', 's', 'because', 'while', 'the', 'voting', 'public', 'as', 'a', 'whole', 'has', 'this', 'messy', 'situationship', 'with', 'climate', 'change', 'there', 's', 'a', 'segment', 'of', 'democratic', 'leaning', 'voters', 'for', 'whom', 'it', 'is', 'increasingly', 'the', 'real', 'deal', 'young', 'and', 'left', 'leaning', 'voters', 'were', 'most', 'likely', 'to', 'rank', 'climate', 'change', 'as', 'their', 'no', '1', 'issue', 'in', 'the', 'most', 'recent', 'yougov', 'poll', 'from', 'oct', '10', 'eighteen', 'percent', 'of', 'voters', 'under', '30', 'and', '19', 'percent', 'of', 'democrats', 'said', 'it', 's', 'the', 'most', 'important', 'issue', 'facing', 'the', 'u', 's', 'compared', 'to', '11', 'percent', 'of', 'voters', '65', 'and', 'older', 'and', 'just', '2', 'percent', 'of', 'republicans', 'and', 'in', 'the', 'ongoing', 'fivethirtyeight', 'ipsos', 'panel', 'survey', 'conducted', 'between', 'april', 'and', 'september', 'using', 'ipsos', 's', 'knowledgepanel', 'as', 'much', 'as', '36', 'percent', 'of', 'democrats', 'named', 'climate', 'change', 'as', 'one', 'of', 'the', 'country', 's', 'top', 'issues', '1', 'the', 'three', 'races', 'bringing', 'down', 'democrats', 'odds', 'of', 'holding', 'the', 'senate', 'fivethirtyeightall', 'videosyoutube', 'young', 'people', 'have', 'the', 'strongest', 'beliefs', 'about', 'the', 'reality', 'of', 'climate', 'change', 'and', 'the', 'need', 'to', 'take', 'action', 'on', 'it', 'said', 'charlotte', 'hill', 'a', 'professor', 'of', 'political', 'science', 'at', 'the', 'university', 'of', 'california', 'berkeley', 'that', 'trend', 'is', 'so', 'strong', 'that', 'it', 'even', 'crosses', 'party', 'lines', 'forty', 'seven', 'percent', 'of', 'voting', 'age', 'republicans', 'under', '30', 'told', 'pew', 'in', 'may', 'that', 'the', 'government', 'was', 'doing', 'too', 'little', 'to', 'combat', 'climate', 'change', 'compared', 'to', 'just', '18', 'percent', 'of', 'republicans', '65', 'and', 'older', 'but', 'young', 'and', 'particularly', 'young', 'left', 'leaning', 'voters', 'are', 'such', 'good', 'targets', 'for', 'these', 'ads', 'because', 'they', 'are', 'also', 'the', 'age', 'group', 'least', 'likely', 'to', 'turn', 'out', 'for', 'a', 'midterm', 'election', 'and', 'it', 's', 'also', 'pretty', 'consistent', 'that', 'the', 'top', 'reason', 'that', 'young', 'people', 'cite', 'for', 'not', 'voting', 'is', 'not', 'liking', 'the', 'candidates', 'or', 'the', 'issues', 'hill', 'said', 'targeting', 'the', 'people', 'who', 'care', 'the', 'most', 'about', 'climate', 'change', 'and', 'are', 'the', 'least', 'likely', 'to', 'just', 'go', 'out', 'and', 'vote', 'on', 'their', 'own', 'with', 'ads', 'that', 'tell', 'them', 'politicians', 'are', 'actually', 'acting', 'on', 'their', 'desires', 'can', 'produce', 'the', 'kind', 'of', 'small', 'differences', 'that', 'tip', 'the', 'scales', 'in', 'some', 'elections', 'hill', 'and', 'vavreck', 'said', 'but', 'the', 'lcv', 'campaign', 'took', 'this', 'one', 'step', 'further', 'by', 'targeting', 'ads', 'at', '2', 'million', 'specific', 'voters', 'who', 'live', 'in', 'the', 'districts', 'where', 'that', 'tiny', 'margin', 'of', 'change', 'will', 'matter', 'the', 'most', 'including', 'seven', 'states', 'where', 'the', 'statewide', 'senate', 'race', 'is', 'a', 'tight', 'one', 'arizona', 'colorado', 'georgia', 'new', 'hampshire', 'nevada', 'pennsylvania', 'and', 'wisconsin', 'the', 'model', 'is', 'based', 'off', 'of', 'similar', 'microtargeting', 'work', 'from', 'the', '2020', 'presidential', 'election', 'when', 'the', 'goal', 'was', 'to', 'persuade', 'undecided', 'voters', 'who', 'cared', 'a', 'lot', 'about', 'climate', 'issues', 'to', 'cast', 'their', 'ballot', 'in', 'favor', 'of', 'biden', 'said', 'pete', 'maysmith', 'senior', 'vice', 'president', 'of', 'campaigns', 'at', 'lcv', 'those', 'voters', 'approved', 'of', 'trump', 'more', 'than', 'biden', 'but', 'the', 'targeted', 'ads', 'seem', 'to', 'have', 'convinced', 'at', 'least', 'a', 'portion', 'of', 'them', 'to', 'vote', 'democrat', 'based', 'on', 'post', 'election', 'surveys', 'and', 'a', 'controlled', 'experiment', 'lcv', 'believes', 'they', 'increased', 'biden', 's', 'vote', 'margin', 'by', '5', '6', 'percentage', 'points', 'relative', 'to', 'the', 'control', 'population', 'nobody', 'knows', 'yet', 'how', 'big', 'a', 'difference', 'the', 'group', 'will', 'be', 'able', 'to', 'make', 'with', 'this', 'latest', 'round', 'of', 'micro', 'targeted', 'ads', 'but', 'evidence', 'suggests', 'that', 'small', 'can', 'be', 'big', 'and', 'that', 'fact', 'changes', 'the', 'stakes', 'on', 'climate', 'change', 'advertising']","['2022', 'election', 'focusing', 'climate', 'change', 'help', 'win', 'elections', 'maggie', 'koerth', 'oct', '17', '2022', '6', '00', 'drew', 'angerer', 'getty', 'images', 'generation', 'grew', 'watching', 'climate', 'crisis', 'got', 'worse', 'worse', 'politicians', 'nothing', 'might', 'sound', 'like', 'quote', 'teen', 'climate', 'activist', 'greta', 'thunberg', 'actually', 'opening', 'line', 'new', 'series', 'political', 'ads', 'appearing', 'multiple', 'states', 'lead', '2022', 'midterms', 'ads', 'advocacy', 'groups', 'climate', 'power', 'action', 'league', 'conservation', 'voters', 'hoping', 'tip', 'scales', 'towards', 'climate', 'focused', 'democrats', 'historically', 'however', 'climate', 'change', 'much', 'political', 'kingmaker', 'even', 'candidates', 'trusted', 'constituents', 'care', 'deeply', 'environment', 'something', 'reliably', 'changed', 'votes', '2020', 'presidential', 'election', 'example', 'two', 'thirds', 'voters', 'told', 'exit', 'pollster', 'edison', 'research', 'climate', 'change', 'serious', 'problem', '29', 'percent', 'group', 'voted', 'president', 'donald', 'trump', 'candidate', 'whose', 'position', 'climate', 'change', 'inconsistent', 'best', '12', 'million', 'ad', 'campaign', 'aimed', 'specifically', 'promoting', 'democratic', 'candidates', 'climate', 'change', 'bona', 'fides', 'seems', 'first', 'glance', 'like', 'fool', 'errand', 'even', 'though', 'content', 'ads', 'makes', 'clear', 'meant', 'narrow', 'audience', 'young', 'voters', 'see', 'part', 'generation', 'bearing', 'consequences', 'inaction', 'climate', 'change', 'ads', 'even', 'instead', 'groups', 'funding', 'ads', 'trying', 'reach', 'specific', 'sliver', 'slice', 'subset', 'young', 'voters', 'yet', 'reason', 'think', 'slender', 'margins', 'climate', 'change', 'could', 'becoming', 'issue', 'really', 'sways', 'elections', 'one', 'thing', 'definitely', 'working', 'favor', 'climate', 'change', 'voting', 'issue', 'year', 'existence', 'actual', 'legislative', 'change', 'climate', 'said', 'anthony', 'leiserowitz', 'director', 'yale', 'program', 'climate', 'change', 'communication', 'attempts', 'reach', 'voters', 'climate', 'issues', 'happening', 'context', 'passage', 'inflation', 'reduction', 'act', 'president', 'biden', 'spending', 'bill', 'includes', 'number', 'tax', 'breaks', 'new', 'regulations', 'financing', 'incentives', 'focused', 'reducing', 'country', 'carbon', 'emissions', 'long', 'term', 'oregon', 'going', 'elect', 'republican', 'governor', 'fivethirtyeightall', 'videosyoutube', 'passage', 'bill', 'genuinely', 'big', 'deal', 'leiserowitz', 'said', 'outside', 'little', 'major', 'national', 'action', 'climate', 'change', '30', 'years', 'told', 'passage', 'ira', 'keeping', 'voters', 'say', 'want', 'large', 'majority', 'democratic', 'voters', 'think', 'biden', 'administration', 'congress', 'need', 'deal', 'climate', 'change', '82', 'percent', 'according', 'pew', 'research', 'center', 'survey', 'may', 'report', 'found', '58', 'percent', 'americans', 'felt', 'federal', 'government', 'enough', 'combat', 'climate', 'change', 'given', 'results', 'like', 'would', 'easy', 'assume', 'passage', 'federal', 'bill', 'finally', 'addressing', 'climate', 'would', 'something', 'could', 'really', 'motivate', 'voters', 'least', 'liberal', 'leaning', 'ones', 'relationship', 'voters', 'climate', 'policy', 'long', 'fallen', 'label', 'complicated', 'established', 'gap', 'voters', 'say', 'want', 'action', 'climate', 'change', 'willing', 'achieve', '2019', 'example', 'polling', 'reuters', 'ipsos', 'found', '69', 'percent', 'americans', 'wanted', 'government', 'take', 'aggressive', 'action', 'climate', 'change', '42', 'percent', 'likely', 'install', 'solar', 'panels', 'home', '38', 'percent', 'likely', 'begin', 'carpooling', 'reduce', 'emissions', '34', 'percent', 'likely', 'pay', 'extra', '100', 'year', 'taxes', 'support', 'climate', 'policies', '13', 'years', 'yougov', 'polls', 'tracking', 'issues', 'registered', 'voters', 'see', 'important', 'climate', 'change', 'consistently', 'taken', 'back', 'seat', 'economic', 'issues', 'like', 'jobs', 'inflation', 'oct', '10', '12', 'percent', 'voters', 'listed', 'climate', 'change', 'environment', '1', 'concern', '22', 'percent', 'cited', 'inflation', 'high', 'prices', 'emphasizing', 'climate', 'change', 'turn', 'voters', 'president', 'biden', 'got', 'solid', 'b', 'greenpeace', '2020', 'election', 'climate', 'scorecard', 'neither', 'climate', 'issue', 'seems', 'attract', 'voters', 'highest', 'score', 'greenpeace', 'scorecard', 'candidacy', 'enough', 'catapult', 'washington', 'democratic', 'governor', 'jay', 'inslee', 'white', 'house', 'history', 'probably', 'ads', 'touting', 'climate', 'change', 'policy', 'relatively', 'rare', 'campaign', 'cycle', 'nearly', '350', 'ad', 'campaigns', 'university', 'virginia', 'center', 'politics', 'tracking', 'midterm', 'election', 'abortion', 'crime', 'primary', 'issues', 'play', 'point', 'center', 'recent', 'analysis', 'even', 'mention', 'climate', 'even', 'month', 'september', 'passage', 'ira', 'ads', 'focused', 'energy', 'environment', 'still', 'playing', 'third', 'fiddle', 'issues', 'like', 'crime', 'inflation', 'according', 'data', 'wesleyan', 'media', 'project', 'documents', 'details', 'political', 'advertising', 'project', 'found', '15', 'percent', 'nationwide', 'political', 'ads', 'september', 'focused', 'energy', 'environmental', 'issues', 'could', 'include', 'climate', 'change', 'compared', '26', 'percent', 'ads', 'focused', 'public', 'safety', '19', 'percent', 'inflation', 'even', 'among', 'ads', 'created', 'lcv', 'climate', 'change', 'ira', 'specifically', 'instead', 'talking', 'broadly', 'specific', 'candidate', 'fits', 'democratic', 'platform', 'main', 'goal', 'lcv', 'ad', 'campaign', 'appears', 'persuading', 'people', 'vote', 'candidate', 'person', 'gotten', 'climate', 'policy', 'done', 'something', 'presented', 'ads', 'bit', 'surprise', 'believe', 'actually', 'moment', 'years', 'research', 'shown', 'persuasion', 'effects', 'created', 'advertising', 'whether', 'political', 'otherwise', 'last', 'long', 'small', 'capable', 'maybe', 'creating', 'percentage', 'point', 'difference', 'swing', 'said', 'lynn', 'vavreck', 'professor', 'politics', 'public', 'policy', 'university', 'california', 'los', 'angeles', 'confuse', 'small', 'size', 'pivotal', 'said', 'voting', 'public', 'whole', 'messy', 'situationship', 'climate', 'change', 'segment', 'democratic', 'leaning', 'voters', 'increasingly', 'real', 'deal', 'young', 'left', 'leaning', 'voters', 'likely', 'rank', 'climate', 'change', '1', 'issue', 'recent', 'yougov', 'poll', 'oct', '10', 'eighteen', 'percent', 'voters', '30', '19', 'percent', 'democrats', 'said', 'important', 'issue', 'facing', 'u', 'compared', '11', 'percent', 'voters', '65', 'older', '2', 'percent', 'republicans', 'ongoing', 'fivethirtyeight', 'ipsos', 'panel', 'survey', 'conducted', 'april', 'september', 'using', 'ipsos', 'knowledgepanel', 'much', '36', 'percent', 'democrats', 'named', 'climate', 'change', 'one', 'country', 'top', 'issues', '1', 'three', 'races', 'bringing', 'democrats', 'odds', 'holding', 'senate', 'fivethirtyeightall', 'videosyoutube', 'young', 'people', 'strongest', 'beliefs', 'reality', 'climate', 'change', 'need', 'take', 'action', 'said', 'charlotte', 'hill', 'professor', 'political', 'science', 'university', 'california', 'berkeley', 'trend', 'strong', 'even', 'crosses', 'party', 'lines', 'forty', 'seven', 'percent', 'voting', 'age', 'republicans', '30', 'told', 'pew', 'may', 'government', 'little', 'combat', 'climate', 'change', 'compared', '18', 'percent', 'republicans', '65', 'older', 'young', 'particularly', 'young', 'left', 'leaning', 'voters', 'good', 'targets', 'ads', 'also', 'age', 'group', 'least', 'likely', 'turn', 'midterm', 'election', 'also', 'pretty', 'consistent', 'top', 'reason', 'young', 'people', 'cite', 'voting', 'liking', 'candidates', 'issues', 'hill', 'said', 'targeting', 'people', 'care', 'climate', 'change', 'least', 'likely', 'go', 'vote', 'ads', 'tell', 'politicians', 'actually', 'acting', 'desires', 'produce', 'kind', 'small', 'differences', 'tip', 'scales', 'elections', 'hill', 'vavreck', 'said', 'lcv', 'campaign', 'took', 'one', 'step', 'targeting', 'ads', '2', 'million', 'specific', 'voters', 'live', 'districts', 'tiny', 'margin', 'change', 'matter', 'including', 'seven', 'states', 'statewide', 'senate', 'race', 'tight', 'one', 'arizona', 'colorado', 'georgia', 'new', 'hampshire', 'nevada', 'pennsylvania', 'wisconsin', 'model', 'based', 'similar', 'microtargeting', 'work', '2020', 'presidential', 'election', 'goal', 'persuade', 'undecided', 'voters', 'cared', 'lot', 'climate', 'issues', 'cast', 'ballot', 'favor', 'biden', 'said', 'pete', 'maysmith', 'senior', 'vice', 'president', 'campaigns', 'lcv', 'voters', 'approved', 'trump', 'biden', 'targeted', 'ads', 'seem', 'convinced', 'least', 'portion', 'vote', 'democrat', 'based', 'post', 'election', 'surveys', 'controlled', 'experiment', 'lcv', 'believes', 'increased', 'biden', 'vote', 'margin', '5', '6', 'percentage', 'points', 'relative', 'control', 'population', 'nobody', 'knows', 'yet', 'big', 'difference', 'group', 'able', 'make', 'latest', 'round', 'micro', 'targeted', 'ads', 'evidence', 'suggests', 'small', 'big', 'fact', 'changes', 'stakes', 'climate', 'change', 'advertising']",2022 election focusing climate change help win elections maggie koerth oct 2022 drew angerer getty images generation grew watching climate crisis got worse worse politicians nothing might sound like quote teen climate activist greta thunberg actually opening line new series political ads appearing multiple states lead 2022 midterms ads advocacy groups climate power action league conservation voters hoping tip scales towards climate focused democrats historically however climate change much political kingmaker even candidates trusted constituents care deeply environment something reliably changed votes 2020 presidential election example two thirds voters told exit pollster edison research climate change serious problem percent group voted president donald trump candidate whose position climate change inconsistent best million campaign aimed specifically promoting democratic candidates climate change bona fides seems first glance like fool errand even though content ads makes clear meant narrow audience young voters see part generation bearing consequences inaction climate change ads even instead groups funding ads trying reach specific sliver slice subset young voters yet reason think slender margins climate change could becoming issue really sways elections one thing definitely working favor climate change voting issue year existence actual legislative change climate said anthony leiserowitz director yale program climate change communication attempts reach voters climate issues happening context passage inflation reduction act president biden spending bill includes number tax breaks new regulations financing incentives focused reducing country carbon emissions long term oregon going elect republican governor fivethirtyeightall videosyoutube passage bill genuinely big deal leiserowitz said outside little major national action climate change years told passage ira keeping voters say want large majority democratic voters think biden administration congress need deal climate change percent according pew research center survey may report found percent americans felt federal government enough combat climate change given results like would easy assume passage federal bill finally addressing climate would something could really motivate voters least liberal leaning ones relationship voters climate policy long fallen label complicated established gap voters say want action climate change willing achieve 2019 example polling reuters ipsos found percent americans wanted government take aggressive action climate change percent likely install solar panels home percent likely begin carpooling reduce emissions percent likely pay extra 100 year taxes support climate policies years yougov polls tracking issues registered voters see important climate change consistently taken back seat economic issues like jobs inflation oct percent voters listed climate change environment concern percent cited inflation high prices emphasizing climate change turn voters president biden got solid greenpeace 2020 election climate scorecard neither climate issue seems attract voters highest score greenpeace scorecard candidacy enough catapult washington democratic governor jay inslee white house history probably ads touting climate change policy relatively rare campaign cycle nearly 350 campaigns university virginia center politics tracking midterm election abortion crime primary issues play point center recent analysis even mention climate even month september passage ira ads focused energy environment still playing third fiddle issues like crime inflation according data wesleyan media project documents details political advertising project found percent nationwide political ads september focused energy environmental issues could include climate change compared percent ads focused public safety percent inflation even among ads created lcv climate change ira specifically instead talking broadly specific candidate fits democratic platform main goal lcv campaign appears persuading people vote candidate person gotten climate policy done something presented ads bit surprise believe actually moment years research shown persuasion effects created advertising whether political otherwise last long small capable maybe creating percentage point difference swing said lynn vavreck professor politics public policy university california los angeles confuse small size pivotal said voting public whole messy situationship climate change segment democratic leaning voters increasingly real deal young left leaning voters likely rank climate change issue recent yougov poll oct eighteen percent voters percent democrats said important issue facing compared percent voters older percent republicans ongoing fivethirtyeight ipsos panel survey conducted april september using ipsos knowledgepanel much percent democrats named climate change one country top issues three races bringing democrats odds holding senate fivethirtyeightall videosyoutube young people strongest beliefs reality climate change need take action said charlotte hill professor political science university california berkeley trend strong even crosses party lines forty seven percent voting age republicans told pew may government little combat climate change compared percent republicans older young particularly young left leaning voters good targets ads also age group least likely turn midterm election also pretty consistent top reason young people cite voting liking candidates issues hill said targeting people care climate change least likely vote ads tell politicians actually acting desires produce kind small differences tip scales elections hill vavreck said lcv campaign took one step targeting ads million specific voters live districts tiny margin change matter including seven states statewide senate race tight one arizona colorado georgia new hampshire nevada pennsylvania wisconsin model based similar microtargeting work 2020 presidential election goal persuade undecided voters cared lot climate issues cast ballot favor biden said pete maysmith senior vice president campaigns lcv voters approved trump biden targeted ads seem convinced least portion vote democrat based post election surveys controlled experiment lcv believes increased biden vote margin percentage points relative control population nobody knows yet big difference group able make latest round micro targeted ads evidence suggests small big fact changes stakes climate change advertising,2022 election focusing climate change help win elections maggie koerth oct 2022 drew angerer getty images generation grew watching climate crisis got worse worse politicians nothing might sound like quote teen climate activist greta thunberg actually opening line new series political ads appearing multiple states lead 2022 midterms ads advocacy groups climate power action league conservation voters hoping tip scales towards climate focused democrats historically however climate change much political kingmaker even candidates trusted constituents care deeply environment something reliably changed votes 2020 presidential election example two thirds voters told exit pollster edison research climate change serious problem percent group voted president donald trump candidate whose position climate change inconsistent best million campaign aimed specifically promoting democratic candidates climate change bona fides seems first glance like fool errand even though content ads makes clear meant narrow audience young voters see part generation bearing consequences inaction climate change ads even instead groups funding ads trying reach specific sliver slice subset young voters yet reason think slender margins climate change could becoming issue really sways elections one thing definitely working favor climate change voting issue year existence actual legislative change climate said anthony leiserowitz director yale program climate change communication attempts reach voters climate issues happening context passage inflation reduction act president biden spending bill includes number tax breaks new regulations financing incentives focused reducing country carbon emissions long term oregon going elect republican governor fivethirtyeightall videosyoutube passage bill genuinely big deal leiserowitz said outside little major national action climate change years told passage ira keeping voters say want large majority democratic voters think biden administration congress need deal climate change percent according pew research center survey may report found percent americans felt federal government enough combat climate change given results like would easy assume passage federal bill finally addressing climate would something could really motivate voters least liberal leaning ones relationship voters climate policy long fallen label complicated established gap voters say want action climate change willing achieve 2019 example polling reuters ipsos found percent americans wanted government take aggressive action climate change percent likely install solar panels home percent likely begin carpooling reduce emissions percent likely pay extra 100 year taxes support climate policies years yougov polls tracking issues registered voters see important climate change consistently taken back seat economic issues like jobs inflation oct percent voters listed climate change environment concern percent cited inflation high prices emphasizing climate change turn voters president biden got solid greenpeace 2020 election climate scorecard neither climate issue seems attract voters highest score greenpeace scorecard candidacy enough catapult washington democratic governor jay inslee white house history probably ads touting climate change policy relatively rare campaign cycle nearly 350 campaigns university virginia center politics tracking midterm election abortion crime primary issues play point center recent analysis even mention climate even month september passage ira ads focused energy environment still playing third fiddle issues like crime inflation according data wesleyan media project documents details political advertising project found percent nationwide political ads september focused energy environmental issues could include climate change compared percent ads focused public safety percent inflation even among ads created lcv climate change ira specifically instead talking broadly specific candidate fits democratic platform main goal lcv campaign appears persuading people vote candidate person gotten climate policy done something presented ads bit surprise believe actually moment years research shown persuasion effects created advertising whether political otherwise last long small capable maybe creating percentage point difference swing said lynn vavreck professor politics public policy university california los angeles confuse small size pivotal said voting public whole messy situationship climate change segment democratic leaning voters increasingly real deal young left leaning voters likely rank climate change issue recent yougov poll oct eighteen percent voters percent democrats said important issue facing compared percent voters older percent republicans ongoing fivethirtyeight ipsos panel survey conducted april september using ipsos knowledgepanel much percent democrats named climate change one country top issues three races bringing democrats odds holding senate fivethirtyeightall videosyoutube young people strongest beliefs reality climate change need take action said charlotte hill professor political science university california berkeley trend strong even crosses party lines forty seven percent voting age republicans told pew may government little combat climate change compared percent republicans older young particularly young left leaning voters good targets ads also age group least likely turn midterm election also pretty consistent top reason young people cite voting liking candidates issues hill said targeting people care climate change least likely vote ads tell politicians actually acting desires produce kind small differences tip scales elections hill vavreck said lcv campaign took one step targeting ads million specific voters live districts tiny margin change matter including seven states statewide senate race tight one arizona colorado georgia new hampshire nevada pennsylvania wisconsin model based similar microtargeting work 2020 presidential election goal persuade undecided voters cared lot climate issues cast ballot favor biden said pete maysmith senior vice president campaigns lcv voters approved trump biden targeted ads seem convinced least portion vote democrat based post election surveys controlled experiment lcv believes increased biden vote margin percentage points relative control population nobody knows yet big difference group able make latest round micro targeted ads evidence suggests small big fact changes stakes climate change advertising
